technology,Bottom storage temperature,C in fuel,C stored,CO2 intensity,CO2 stored,FOM,Motor size,Top storage temperature,VOM,ammonia-input,c_b,c_v,capacity,capture rate,capture_rate,carbondioxide-input,carbondioxide-output,clinker-input,coal-input,commodity,compression-electricity-input,compression-heat-output,discount rate,district heat surcharge,district heat-input,economic_lifetime,efficiency,efficiency-biochar,efficiency-biomass,efficiency-electricity,efficiency-heat,efficiency-hydrogen,efficiency-tot,electricity-input,energy to power ratio,fuel,gas-input,hbi-input,heat-input,heat-output,hydrogen-input,investment,lifetime,lohc-input,methane-input,methanol-input,min_fill_level,naphtha-input,nitrogen-input,oil-input,ore-input,p_nom_ratio,pelletizing cost,scrap-input,slag-input,standing losses,temperature difference,wood-input,yield-biochar,marginal_cost,capital_cost
Alkaline electrolyzer large size,,,,0.0,,4.6,,,0.2389,,,,,,,,,,,,,,0.07,,,,1.0,,,,,,,1.38,,0.0,,,,,,429030.6,40.0,,,,,,,,,,,,,,,,,0.2389,51916.62345642835
Alkaline electrolyzer medium size,,,,0.0,,18.1,,,0.2389,,,,,,,,,,,,,,0.07,,,,1.0,,,,,,,1.416,,0.0,,,,,,566088.4,20.0,,,,,,,,,,,,,,,,,0.2389,155896.74070531843
Alkaline electrolyzer small size,,,,0.0,,18.1,,,0.6426,,,,,,,,,,,,,,0.07,,,,1.0,,,,,,,1.41,,0.0,,,,,,984882.2999999999,20.0,,,,,,,,,,,,,,,,,0.6426,271229.61810974684
Ammonia cracker,,,,0.0,,4.3,,,0.0,1.46,,,,,,,,,,,,,0.07,,,,1.0,,,,,,,,,0.0,,,,,,1123945.3807,25.0,,,,,,,,,,,,,,,,,0.0,144775.98581574493
BEV Bus city,,,,0.0,,0.0002,320.6897,,0.0952,,,,,,,,,,,,,,0.07,,,,0.9204,,,,,,,,,0.0,,,,,,326312.2797,12.0,,,,,,,,,,,,,,,,,0.0952,41084.017561342655
BEV Coach,,,,0.0,,0.0001,298.2759,,0.0952,,,,,,,,,,,,,,0.07,,,,0.9094,,,,,,,,,0.0,,,,,,406852.0832,12.0,,,,,,,,,,,,,,,,,0.0952,51223.893215401025
BEV Truck Semi-Trailer max 50 tons,,,,0.0,,0.0002,468.9655,,0.0952,,,,,,,,,,,,,,0.07,,,,1.4729,,,,,,,,,0.0,,,,,,247867.9385,10.5,,,,,,,,,,,,,,,,,0.0952,34117.904121992266
BEV Truck Solo max 26 tons,,,,0.0,,0.0002,353.4483,,0.0952,,,,,,,,,,,,,,0.07,,,,0.9226,,,,,,,,,0.0,,,,,,313643.3844,13.8,,,,,,,,,,,,,,,,,0.0952,36176.379294391656
BEV Truck Trailer max 56 tons,,,,0.0,,0.0002,587.931,,0.0952,,,,,,,,,,,,,,0.07,,,,1.6303,,,,,,,,,0.0,,,,,,274929.1357,13.8,,,,,,,,,,,,,,,,,0.0952,31710.985108737634
Battery electric (passenger cars),,,,0.0,,0.9,,,0.0,,,,,,,,,,,,,,0.07,,,,0.68,,,,,,,,,0.0,,,,,,28812.0,15.0,,,,,,,,,,,,,,,,,0.0,3422.710726885399
Battery electric (trucks),,,,0.0,,14.0,,,0.0,,,,,,,,,,,,,,0.07,,,,1.0,,,,,,,,,0.0,,,,,,165765.0,15.0,,,,,,,,,,,,,,,,,0.0,41407.205963562345
BioSNG,,0.3321,0.6679,0.0,0.2449,1.6195,,,2.3395,,,,,0.9,,,,,,,,,0.07,,,,0.615,,,,,,,,,0.0,,,,,,2179970.0,25.0,,,,,,,,,,,,,,,,,2.3395,222368.96737553438
BtL,,0.2571,0.7429,0.0,0.2724,2.5263,,,1.1299,,,,,0.9,,,,,,,,,0.07,,,,0.3667,,,,,,,,,0.0,,,,,,3378302.7,25.0,,,,,,,,,,,,,,,,,1.1299,375239.96312507114
CCGT,,,,0.198,,3.3392,,,4.5504,,1.9,0.15,,,,,,,,,,,0.07,,,,0.57,,,,,,,,,24.568,,,,,,904779.5,25.0,,,,,,,,,,,,,,,,,47.65215438596492,107851.99392965522
CH4 (g) fill compressor station,,,,0.0,,1.7,,,0.0,,,,,,,,,,,,,,0.07,,,,1.0,,,,,,,,,0.0,,,,,,1654.96,20.0,,,,,,,,,,,,,,,,,0.0,184.3508363880584
CH4 (g) pipeline,,,,0.0,,1.5,,,0.0,,,,,,,,,,,,,,0.07,,,,1.0,,,,,,,0.01,,0.0,,,,,,87.22,50.0,,,,,,,,,,,,,,,,,0.0,7.628248076844581
CH4 (g) submarine pipeline,,,,0.0,,3.0,,,0.0,,,,,,,,,,,,,,0.07,,,,1.0,,,,,,,0.01,,0.0,,,,,,119.3173,30.0,,,,,,,,,,,,,,,,,0.0,13.194871083656306
CH4 (l) transport ship,,,,0.0,,3.5,,,0.0,,,,58300.0,,,,,,,,,,0.07,,,,1.0,,,,,,,,,0.0,,,,,,159791465.6831,25.0,,,,,,,,,,,,,,,,,0.0,19304489.616623547
CH4 evaporation,,,,0.0,,3.5,,,0.0,,,,,,,,,,,,,,0.07,,,,1.0,,,,,,,,,0.0,,,,,,91110.1,30.0,,,,,,,,,,,,,,,,,0.0,10531.088782537692
CH4 liquefaction,,,,0.0,,3.5,,,0.0,,,,,,,,,,,,,,0.07,,,,1.0,,,,,,,0.036,,0.0,,,,,,241443.0,25.0,,1.0,,,,,,,,,,,,,,,0.0,29168.853709309165
CO2 liquefaction,,,,0.0,,5.0,,,0.0,,,,,,,1.0,,,,,,,0.07,,,,1.0,,,,,,,0.123,,0.0,,,0.0067,,,16.7226,25.0,,,,,,,,,,,,,,,,,0.0,2.271104955274303
CO2 pipeline,,,,0.0,,0.9,,,0.0,,,,,,,,,,,,,,0.07,,,,1.0,,,,,,,,,0.0,,,,,,2116.4433,50.0,,,,,,,,,,,,,,,,,0.0,172.40515277711071
CO2 storage tank,,,,0.0,,1.0,,,0.0,,,,,,,,,,,,,,0.07,,,,1.0,,,,,,,,,0.0,,,,,,2584.3462,25.0,,,,,,,,,,,,,,,,,0.0,247.6075460992617
CO2 submarine pipeline,,,,0.0,,0.5,,,0.0,,,,,,,,,,,,,,0.07,,,,1.0,,,,,,,,,0.0,,,,,,4232.8865,25.0,,,,,,,,,,,,,,,,,0.0,384.39061240137295
Charging infrastructure fast (purely) battery electric vehicles passenger cars,,,,0.0,,1.6,,,0.0,,,,,,,,,,,,,,0.07,,,,1.0,,,,,,,,,0.0,,,,,,527507.0,30.0,,,,,,,,,,,,,,,,,0.0,50950.003956935725
Charging infrastructure fuel cell vehicles passenger cars,,,,0.0,,2.2,,,0.0,,,,,,,,,,,,,,0.07,,,,1.0,,,,,,,,,0.0,,,,,,2000991.0,30.0,,,,,,,,,,,,,,,,,0.0,205274.4701481019
Charging infrastructure fuel cell vehicles trucks,,,,0.0,,2.2,,,0.0,,,,,,,,,,,,,,0.07,,,,1.0,,,,,,,,,0.0,,,,,,2000991.0,30.0,,,,,,,,,,,,,,,,,0.0,205274.4701481019
Charging infrastructure slow (purely) battery electric vehicles passenger cars,,,,0.0,,1.8,,,0.0,,,,,,,,,,,,,,0.07,,,,1.0,,,,,,,,,0.0,,,,,,1126.0,30.0,,,,,,,,,,,,,,,,,0.0,111.0082903535112
Compressed-Air-Adiabatic-bicharger,,,,0.0,,0.9265,,,0.0,,,,,,,,,,,,,,0.07,,,,0.7211,,,,,,,,,0.0,,,,,,946180.9426,60.0,,,,,,,,,,,,,,,,,0.0,76162.10215746536
Compressed-Air-Adiabatic-store,,,,0.0,,0.43,,,0.0,,,,,,,,,,,,,,0.07,,,,1.0,,,,,,,,,0.0,,,,,,5448.7894,60.0,,,,,,,,,,,,,,,,,0.0,411.5428432947156
Concrete-charger,,,,0.0,,1.075,,,0.0,,,,,,,,,,,,,,0.07,,,,0.99,,,,,,,,,0.0,,,,,,166105.3393,35.0,,,,,,,,,,,,,,,,,0.0,14614.60547045519
Concrete-discharger,,,,0.0,,0.2688,,,0.0,,,,,,,,,,,,,,0.07,,,,0.4343,,,,,,,,,0.0,,,,,,664421.3572,35.0,,,,,,,,,,,,,,,,,0.0,53101.85690007436
Concrete-store,,,,0.0,,0.3269,,,0.0,,,,,,,,,,,,,,0.07,,,,1.0,,,,,,,,,0.0,,,,,,26738.4056,35.0,,,,,,,,,,,,,,,,,0.0,2152.520787095482
"Container feeder, ammonia",,,,0.0,,0.0,,,0.0,,,,,,,,,,,,,,0.07,,,,0.7754,,,,,,,,,0.0,,,,,,41959454.4301,30.0,,,,,,,,,,,,,,,,,0.0,3381361.5258101206
"Container feeder, diesel",,,,0.0,,0.0,,,0.0,,,,,,,,,,,,,,0.07,,,,0.7718,,,,,,,,,0.0,,,,,,34966212.0251,30.0,,,,,,,,,,,,,,,,,0.0,2817801.271509777
"Container feeder, methanol",,,,0.0,,0.0,,,0.0,,,,,,,,,,,,,,0.07,,,,0.7711,,,,,,,,,0.0,,,,,,38462833.2276,30.0,,,,,,,,,,,,,,,,,0.0,3099581.3986599487
"Container, ammonia",,,,0.0,,0.0,,,0.0,,,,,,,,,,,,,,0.07,,,,1.7094,,,,,,,,,0.0,,,,,,143583536.7421,30.0,,,,,,,,,,,,,,,,,0.0,11570880.829451328
"Container, diesel",,,,0.0,,0.0,,,0.0,,,,,,,,,,,,,,0.07,,,,1.6399,,,,,,,,,0.0,,,,,,119652947.2851,31.0,,,,,,,,,,,,,,,,,0.0,9547934.997212326
"Container, methanol",,,,0.0,,0.0,,,0.0,,,,,,,,,,,,,,0.07,,,,1.7001,,,,,,,,,0.0,,,,,,131618242.0136,31.0,,,,,,,,,,,,,,,,,0.0,10502728.49693276
Diesel Bus city,,,,0.0,,0.0004,250.0,,0.1068,,,,,,,,,,,,,,0.07,,,,2.2786,,,,,,,,,0.0,,,,,,150756.2732,12.0,,,,,,,,,,,,,,,,,0.1068,18981.11762319236
Diesel Coach,,,,0.0,,0.0003,350.0,,0.1068,,,,,,,,,,,,,,0.07,,,,2.393,,,,,,,,,0.0,,,,,,231296.0768,12.0,,,,,,,,,,,,,,,,,0.1068,29121.329925454735
Diesel Truck Semi-Trailer max 50 tons,,,,0.0,,0.0005,380.0,,0.1068,,,,,,,,,,,,,,0.07,,,,3.4385,,,,,,,,,0.0,,,,,,142012.114,10.5,,,,,,,,,,,,,,,,,0.1068,19547.753209571532
Diesel Truck Solo max 26 tons,,,,0.0,,0.0004,235.1724,,0.1068,,,,,,,,,,,,,,0.07,,,,2.3586,,,,,,,,,0.0,,,,,,155444.0931,13.8,,,,,,,,,,,,,,,,,0.1068,17929.604955127565
Diesel Truck Trailer max 56 tons,,,,0.0,,0.0004,382.3529,,0.1068,,,,,,,,,,,,,,0.07,,,,3.4819,,,,,,,,,0.0,,,,,,177515.1425,13.8,,,,,,,,,,,,,,,,,0.1068,20475.37680657082
FCV Bus city,,,,0.0,,0.0002,375.8621,,0.0979,,,,,,,,,,,,,,0.07,,,,1.6958,,,,,,,,,0.0,,,,,,356178.0895,12.0,,,,,,,,,,,,,,,,,0.0979,44844.242139574846
FCV Coach,,,,0.0,,0.0001,375.8621,,0.0952,,,,,,,,,,,,,,0.07,,,,1.6864,,,,,,,,,0.0,,,,,,653008.177,12.0,,,,,,,,,,,,,,,,,0.0952,82215.68110046657
FCV Truck Semi-Trailer max 50 tons,,,,0.0,,0.0002,492.2414,,0.0952,,,,,,,,,,,,,,0.07,,,,2.6623,,,,,,,,,0.0,,,,,,255848.6038,10.5,,,,,,,,,,,,,,,,,0.0952,35216.40671649023
FCV Truck Solo max 26 tons,,,,0.0,,0.0002,363.7931,,0.0952,,,,,,,,,,,,,,0.07,,,,1.7934,,,,,,,,,0.0,,,,,,276930.7366,13.8,,,,,,,,,,,,,,,,,0.0952,31941.8545514103
FCV Truck Trailer max 56 tons,,,,0.0,,0.0002,363.7931,,0.0952,,,,,,,,,,,,,,0.07,,,,2.9676,,,,,,,,,0.0,,,,,,299001.7859,13.8,,,,,,,,,,,,,,,,,0.0952,34487.58224922052
FT fuel transport ship,,,,0.0,,5.0,,,0.0,,,,75000.0,,,,,,,,,,0.07,,,,1.0,,,,,,,,,0.0,,,,,,35000000.0,15.0,,,,,,,,,,,,,,,,,0.0,5592811.8645352265
Fischer-Tropsch,,,,0.0,,3.0,,,5.0512,,,,,0.9,,0.343,,,,,,,0.07,,,,0.799,,,,0.225,,,0.0075,,0.0,,,,,1.476,761417.4621,20.0,,,,,,,,,,,,,,,,,5.0512,94714.94582262349
Gasnetz,,,,0.0,,2.5,,,0.0,,,,,,,,,,,,,,0.07,,,,1.0,,,,,,,,,0.0,,,,,,28000.0,30.0,,,,,,,,,,,,,,,,,0.0,2956.419298311113
General liquid hydrocarbon storage (crude),,,,0.0,,6.25,,,0.0,,,,,,,,,,,,,,0.07,,,,1.0,,,,,,,,,0.0,,,,,,137.8999,30.0,,,,,,,,,,,,,,,,,0.0,19.731600735541882
General liquid hydrocarbon storage (product),,,,0.0,,6.25,,,0.0,,,,,,,,,,,,,,0.07,,,,1.0,,,,,,,,,0.0,,,,,,172.3748,30.0,,,,,,,,,,,,,,,,,0.0,24.664490187947088
Gravity-Brick-bicharger,,,,0.0,,1.5,,,0.0,,,,,,,,,,,,,,0.07,,,,0.9274,,,,,,,,,0.0,,,,,,415570.5177,41.7,,,,,,,,,,,,,,,,,0.0,37164.65513903668
Gravity-Brick-store,,,,0.0,,0.0,,,0.0,,,,,,,,,,,,,,0.07,,,,1.0,,,,,,,,,0.0,,,,,,172353.7601,41.7,,,,,,,,,,,,,,,,,0.0,12828.366569056736
Gravity-Water-Aboveground-bicharger,,,,0.0,,1.5,,,0.0,,,,,,,,,,,,,,0.07,,,,0.9014,,,,,,,,,0.0,,,,,,365630.713,60.0,,,,,,,,,,,,,,,,,0.0,31528.05320100989
Gravity-Water-Aboveground-store,,,,0.0,,0.0,,,0.0,,,,,,,,,,,,,,0.07,,,,1.0,,,,,,,,,0.0,,,,,,133234.2464,60.0,,,,,,,,,,,,,,,,,0.0,9490.172181150754
Gravity-Water-Underground-bicharger,,,,0.0,,1.5,,,0.0,,,,,,,,,,,,,,0.07,,,,0.9014,,,,,,,,,0.0,,,,,,905158.9602,60.0,,,,,,,,,,,,,,,,,0.0,78051.15609244893
Gravity-Water-Underground-store,,,,0.0,,0.0,,,0.0,,,,,,,,,,,,,,0.07,,,,1.0,,,,,,,,,0.0,,,,,,104935.0238,60.0,,,,,,,,,,,,,,,,,0.0,7474.440473100108
H2 (g) fill compressor station,,,,0.0,,1.7,,,0.0,,,,,,,,,,,,,,0.07,,,,1.0,,,,,,,,,0.0,,,,,,4738.7164,20.0,,,,,,,,,,,,,,,,,0.0,527.8594840635478
H2 (g) pipeline,,,,0.0,,3.5833,,,0.0,,,,,,,,,,,,,,0.07,,,,1.0,,,,,,,0.02,,0.0,,,,,,303.6845,50.0,,,,,,,,,,,,,,,,,0.0,32.88685986601099
H2 (g) pipeline repurposed,,,,0.0,,3.5833,,,0.0,,,,,,,,,,,,,,0.07,,,,1.0,,,,,,,0.02,,0.0,,,,,,129.4682,50.0,,,,,,,,,,,,,,,,,0.0,14.020480302763833
H2 (g) submarine pipeline,,,,0.0,,3.0,,,0.0,,,,,,,,,,,,,,0.07,,,,1.0,,,,,,,0.02,,0.0,,,,,,456.1165,30.0,,,,,,,,,,,,,,,,,0.0,50.44028331707574
H2 (g) submarine pipeline repurposed,,,,0.0,,3.0,,,0.0,,,,,,,,,,,,,,0.07,,,,1.0,,,,,,,0.02,,0.0,,,,,,160.1562,30.0,,,,,,,,,,,,,,,,,0.0,17.711098158006227
H2 (l) storage tank,,,,0.0,,2.0,,,0.0,,,,,,,,,,,,,,0.07,,,,1.0,,,,,,,,,0.0,,,,,,793.7456,20.0,,,,,,,,,,,,,,,,,0.0,90.79888147983591
H2 (l) transport ship,,,,0.0,,4.0,,,0.0,,,,11000.0,,,,,,,,,,0.07,,,,1.0,,,,,,,,,0.0,,,,,,393737000.0,20.0,,,,,,,,,,,,,,,,,0.0,52915467.40337226
H2 evaporation,,,,0.0,,2.5,,,0.0,,,,,,,,,,,,,,0.07,,,,1.0,,,,,,,,,0.0,,,,,,146840.5,20.0,,,,,,,,,,,,,,,,,0.0,17531.716912602533
H2 liquefaction,,,,0.0,,2.5,,,0.0,,,,,,,,,,,,,,0.07,,,,1.0,,,,,,,0.203,,0.0,,,,,1.017,889942.6,20.0,,,,,,,,,,,,,,,,,0.0,106252.85075755988
H2 pipeline,,,,0.0,,3.0,,,0.0,,,,,,,,,,,,,,0.07,,,,1.0,,,,,,,,,0.0,,,,,,282.5452,40.0,,,,,,,,,,,,,,,,,0.0,29.669828144872003
H2 production biomass gasification,,,,0.0,,5.0,,,0.5118,,,,,,,,,,,,,,0.07,,,,1.0,,,,,,,0.097,,0.0,,,,,,1467939.9000000001,20.0,,,,,,,,,,,,,,,1.804,,0.5118,211960.1369762622
H2 production biomass gasification CC,,,,0.0,,5.0,,,0.5232,,,,,,,,,,,,,,0.07,,,,1.0,,,,,,,0.143,,0.0,,,,,,1489095.7000000002,20.0,,,,,,,,,,,,,,,1.804,,0.5232,215014.88483470137
H2 production coal gasification,,,,0.0,,5.9,,,0.6677,,,,,,,,,,1.77,,,,0.07,,,,1.0,,,,,,,0.07,,0.0,,,,,,526051.6,20.0,,,,,,,,,,,,,,,,,0.6677,80692.59401592083
H2 production coal gasification CC,,,,0.0,,7.9,,,0.2275,,,,,,,,,,1.77,,,,0.07,,,,1.0,,,,,,,0.111,,0.0,,,,,,591907.6,20.0,,,,,,,,,,,,,,,,,0.2275,102632.59053366867
H2 production heavy oil partial oxidation,,,,0.0,,5.0,,,0.1592,,,,,,,,,,,,,,0.07,,,,1.0,,,,,,,0.063,,0.0,,,,,,491133.10000000003,25.0,,,,,,,1.3,,,,,,,,,,0.1592,66701.0403351889
H2 production natural gas steam reforming,,,,0.0,,4.9,,,267.29999999999995,,,,,,,,,,,,,,0.07,,,,1.0,,,,,,,0.02,,0.0,1.32,,,,,228846.7,20.0,,,,,,,,,,,,,,,,,267.29999999999995,32814.99785968911
H2 production natural gas steam reforming CC,,,,0.0,,5.2,,,341.2,,,,,,,,,,,,,,0.07,,,,1.0,,,,,,,0.05,,0.0,1.52,,,,,310285.1,20.0,,,,,,,,,,,,,,,,,341.2,45423.54360353866
H2 production solid biomass steam reforming,,,,0.0,,4.0,,,0.7393,,,,,,,,,,,,,,0.07,,,,1.0,,,,,,,0.044,,0.0,,,,,,590656.3999999999,20.0,,,,,,,,,,,,,,,1.36,,0.7393,79380.0417049787
HVAC overhead,,,,0.0,,2.0,,,0.0,,,,,,,,,,,,,,0.07,,,,1.0,,,,,,,,,0.0,,,,,,442.1414,40.0,,,,,,,,,,,,,,,,,0.0,42.007473674372484
HVDC inverter pair,,,,0.0,,2.0,,,0.0,,,,,,,,,,,,,,0.07,,,,1.0,,,,,,,,,0.0,,,,,,165803.0398,40.0,,,,,,,,,,,,,,,,,0.0,15752.804034024939
HVDC overhead,,,,0.0,,2.0,,,0.0,,,,,,,,,,,,,,0.07,,,,1.0,,,,,,,,,0.0,,,,,,442.1414,40.0,,,,,,,,,,,,,,,,,0.0,42.007473674372484
HVDC submarine,,,,0.0,,0.35,,,0.0,,,,,,,,,,,,,,0.07,,,,1.0,,,,,,,,,0.0,,,,,,1008.2934,40.0,,,,,,,,,,,,,,,,,0.0,79.16024656594472
HVDC underground,,,,0.0,,0.35,,,0.0,,,,,,,,,,,,,,0.07,,,,1.0,,,,,,,,,0.0,,,,,,1008.2934,40.0,,,,,,,,,,,,,,,,,0.0,79.16024656594472
Haber-Bosch,,,,0.0,,3.0,,,0.0225,,,,,,,,,,,,,,0.07,,,,1.0,,,,0.146,,,0.2473,,0.0,,,,,1.1484,1622542.4000000001,30.0,,,,,,0.1597,,,,,,,,,,,0.0225,179431.12856028677
HighT-Molten-Salt-charger,,,,0.0,,1.075,,,0.0,,,,,,,,,,,,,,0.07,,,,0.99,,,,,,,,,0.0,,,,,,166045.8871,35.0,,,,,,,,,,,,,,,,,0.0,14609.374630489345
HighT-Molten-Salt-discharger,,,,0.0,,0.2688,,,0.0,,,,,,,,,,,,,,0.07,,,,0.4444,,,,,,,,,0.0,,,,,,664183.5486,35.0,,,,,,,,,,,,,,,,,0.0,53082.85077074097
HighT-Molten-Salt-store,,,,0.0,,0.3308,,,0.0,,,,,,,,,,,,,,0.07,,,,1.0,,,,,,,,,0.0,,,,,,103333.7792,35.0,,,,,,,,,,,,,,,,,0.0,8322.70507470541
Hydrogen fuel cell (passenger cars),,,,0.0,,1.1,,,0.0,,,,,,,,,,,,,,0.07,,,,0.48,,,,,,,,,0.0,,,,,,43500.0,15.0,,,,,,,,,,,,,,,,,0.0,5254.566174493782
Hydrogen fuel cell (trucks),,,,0.0,,12.5,,,0.0,,,,,,,,,,,,,,0.07,,,,0.56,,,,,,,,,0.0,,,,,,122291.0,15.0,,,,,,,,,,,,,,,,,0.0,28713.269449310785
Hydrogen-charger,,,,0.0,,0.5473,,,0.0,,,,,,,,,,,,,,0.07,,,,0.6963,,,,,,,,,0.0,,,,,,825760.6159,30.0,,,,,,,,,,,,,,,,,0.0,71064.4660473218
Hydrogen-discharger,,,,0.0,,0.5307,,,0.0,,,,,,,,,,,,,,0.07,,,,0.4869,,,,,,,,,0.0,,,,,,822421.3869,30.0,,,,,,,,,,,,,,,,,0.0,70640.57204116939
Hydrogen-store,,,,0.0,,0.43,,,0.0,,,,,,,,,,,,,,0.07,,,,1.0,,,,,,,,,0.0,,,,,,4779.9527,30.0,,,,,,,,,,,,,,,,,0.0,405.7529936562253
LNG storage tank,,,,0.0,,2.0,,,0.0,,,,,,,,,,,,,,0.07,,,,1.0,,,,,,,,,0.0,,,,,,666.634,20.0,,,,,,,,,,,,,,,,,0.0,76.25821365992951
LOHC chemical,,,,0.0,,0.0,,,0.0,,,,,,,,,,,,,,0.07,,,,1.0,,,,,,,,,0.0,,,,,,2500.0,20.0,,,,,,,,,,,,,,,,,0.0,235.98231435813918
LOHC dehydrogenation,,,,0.0,,3.0,,,0.0,,,,,,,,,,,,,,0.07,,,,1.0,,,,,,,,,0.0,,,,,,53681.4988,20.0,,,,,,,,,,,,,,,,,0.0,6677.598694015069
LOHC dehydrogenation (small scale),,,,0.0,,3.0,,,0.0,,,,,,,,,,,,,,0.07,,,,1.0,,,,,,,,,0.0,,,,,,839000.0,20.0,,,,,,,,,,,,,,,,,0.0,104365.6646985915
LOHC hydrogenation,,,,0.0,,3.0,,,0.0,,,,,,,,,,,,,,0.07,,,,1.0,,,,,,,0.004,,0.0,,,,,1.867,54243.958,20.0,0.944,,,,,,,,,,,,,,,,0.0,6747.564639514279
LOHC loaded DBT storage,,,,0.0,,6.25,,,0.0,,,,,,,,,,,,,,0.07,,,,1.0,,,,,,,,,0.0,,,,,,151.5383,30.0,,,,,,,,,,,,,,,,,0.0,21.68307034118782
LOHC transport ship,,,,0.0,,5.0,,,0.0,,,,75000.0,,,,,,,,,,0.07,,,,1.0,,,,,,,,,0.0,,,,,,35000000.0,15.0,,,,,,,,,,,,,,,,,0.0,5592811.8645352265
LOHC unloaded DBT storage,,,,0.0,,6.25,,,0.0,,,,,,,,,,,,,,0.07,,,,1.0,,,,,,,,,0.0,,,,,,134.2745,30.0,,,,,,,,,,,,,,,,,0.0,19.212855288252698
Lead-Acid-bicharger,,,,0.0,,2.4245,,,0.0,,,,,,,,,,,,,,0.07,,,,0.8832,,,,,,,,,0.0,,,,,,139292.4203,12.0,,,,,,,,,,,,,,,,,0.0,20914.337450514435
Lead-Acid-store,,,,0.0,,0.2464,,,0.0,,,,,,,,,,,,,,0.07,,,,1.0,,,,,,,,,0.0,,,,,,342960.6179,12.0,,,,,,,,,,,,,,,,,0.0,44024.478786470194
Liquid fuels ICE (passenger cars),,,,0.0,,1.6,,,0.0,,,,,,,,,,,,,,0.07,,,,0.215,,,,,,,,,0.0,,,,,,24309.0,15.0,,,,,,,,,,,,,,,,,0.0,3057.941531856767
Liquid fuels ICE (trucks),,,,0.0,,17.5,,,0.0,,,,,,,,,,,,,,0.07,,,,0.373,,,,,,,,,0.0,,,,,,102543.0,15.0,,,,,,,,,,,,,,,,,0.0,29203.695200715305
Liquid-Air-charger,,,,0.0,,0.366,,,0.0,,,,,,,,,,,,,,0.07,,,,0.99,,,,,,,,,0.0,,,,,,489692.4838,35.0,,,,,,,,,,,,,,,,,0.0,39613.16402493737
Liquid-Air-discharger,,,,0.0,,0.5212,,,0.0,,,,,,,,,,,,,,0.07,,,,0.55,,,,,,,,,0.0,,,,,,343826.6375,35.0,,,,,,,,,,,,,,,,,0.0,28347.11708157746
Liquid-Air-store,,,,0.0,,0.3244,,,0.0,,,,,,,,,,,,,,0.07,,,,1.0,,,,,,,,,0.0,,,,,,172876.939,35.0,,,,,,,,,,,,,,,,,0.0,13912.783321085193
Lithium-Ion-LFP-bicharger,,,,0.0,,2.095,,,0.0,,,,,,,,,,,,,,0.07,,,,0.9193,,,,,,,,,0.0,,,,,,88568.8382,16.0,,,,,,,,,,,,,,,,,0.0,11231.206033988192
Lithium-Ion-LFP-store,,,,0.0,,0.0447,,,0.0,,,,,,,,,,,,,,0.07,,,,1.0,,,,,,,,,0.0,,,,,,281086.7853,16.0,,,,,,,,,,,,,,,,,0.0,29880.83169181853
Lithium-Ion-NMC-bicharger,,,,0.0,,2.095,,,0.0,,,,,,,,,,,,,,0.07,,,,0.9193,,,,,,,,,0.0,,,,,,88568.8382,13.0,,,,,,,,,,,,,,,,,0.0,12452.853769362935
Lithium-Ion-NMC-store,,,,0.0,,0.0379,,,0.0,,,,,,,,,,,,,,0.07,,,,1.0,,,,,,,,,0.0,,,,,,320844.4187,13.0,,,,,,,,,,,,,,,,,0.0,38510.90685192672
LowT-Molten-Salt-charger,,,,0.0,,1.075,,,0.0,,,,,,,,,,,,,,0.07,,,,0.99,,,,,,,,,0.0,,,,,,146783.3911,35.0,,,,,,,,,,,,,,,,,0.0,12914.58395968626
LowT-Molten-Salt-discharger,,,,0.0,,0.2688,,,0.0,,,,,,,,,,,,,,0.07,,,,0.5394,,,,,,,,,0.0,,,,,,587133.5642,35.0,,,,,,,,,,,,,,,,,0.0,46924.865026567844
LowT-Molten-Salt-store,,,,0.0,,0.3308,,,0.0,,,,,,,,,,,,,,0.07,,,,1.0,,,,,,,,,0.0,,,,,,63731.5141,35.0,,,,,,,,,,,,,,,,,0.0,5133.061037012081
MeOH transport ship,,,,0.0,,5.0,,,0.0,,,,75000.0,,,,,,,,,,0.07,,,,1.0,,,,,,,,,0.0,,,,,,35000000.0,15.0,,,,,,,,,,,,,,,,,0.0,5592811.8645352265
Methanol steam reforming,,,,0.0,,4.0,,,0.0,,,,,,,,,,,,,,0.07,,,,1.0,,,,,,,,,0.0,,,,,,18016.8665,20.0,,,1.201,,,,,,,,,,,,,,0.0,2421.3394016606508
NH3 (l) storage tank incl. liquefaction,,,,0.0,,2.0,,,0.0,,,,,,,,,,,,,,0.07,,,,1.0,,,,,,,,,0.0,,,,,,166.8201,20.0,,,,,,,,,,,,,,,,,0.0,19.083039311782485
NH3 (l) transport ship,,,,0.0,,4.0,,,0.0,,,,53000.0,,,,,,,,,,0.07,,,,1.0,,,,,,,,,0.0,,,,,,81164200.0,20.0,,,,,,,,,,,,,,,,,0.0,10907894.303610751
Ni-Zn-bicharger,,,,0.0,,2.095,,,0.0,,,,,,,,,,,,,,0.07,,,,0.9,,,,,,,,,0.0,,,,,,88568.8382,15.0,,,,,,,,,,,,,,,,,0.0,11579.899510663166
Ni-Zn-store,,,,0.0,,0.225,,,0.0,,,,,,,,,,,,,,0.07,,,,1.0,,,,,,,,,0.0,,,,,,306333.1401,15.0,,,,,,,,,,,,,,,,,0.0,34322.98171598534
OCGT,,,,0.198,,1.7784,,,4.762,,,,,,,,,,,,,,0.07,,,,0.405,,,,,,,,,24.568,,,,,,470485.3,25.0,,,,,,,,,,,,,,,,,65.42372839506173,48739.697512920015
PEM electrolyzer small size,,,,0.0,,3.0,,,0.0,,,,,,,,,,,,,,0.07,,,,1.0,,,,,,,1.38,,0.0,,,,,,1222714.5,6.5,,,,,,,,,,,,,,,,,0.0,277222.65143157693
PHS,,,,0.0,,1.0,,,0.0,,,,,,,,,,,,,,0.07,,,,0.75,,,,,,,,,0.0,,,,,,2274817.7,80.0,,,,,,,,,,,,,,,,,0.0,182698.73459185107
Pumped-Heat-charger,,,,0.0,,0.366,,,0.0,,,,,,,,,,,,,,0.07,,,,0.99,,,,,,,,,0.0,,,,,,784485.9619,33.0,,,,,,,,,,,,,,,,,0.0,64381.245120040345
Pumped-Heat-discharger,,,,0.0,,0.5212,,,0.0,,,,,,,,,,,,,,0.07,,,,0.63,,,,,,,,,0.0,,,,,,550809.2924,33.0,,,,,,,,,,,,,,,,,0.0,46058.708978603485
Pumped-Heat-store,,,,0.0,,0.1071,,,0.0,,,,,,,,,,,,,,0.07,,,,1.0,,,,,,,,,0.0,,,,,,21420.3118,33.0,,,,,,,,,,,,,,,,,0.0,1702.4663595312338
Pumped-Storage-Hydro-bicharger,,,,0.0,,0.9951,,,0.0,,,,,,,,,,,,,,0.07,,,,0.8944,,,,,,,,,0.0,,,,,,1397128.4612,60.0,,,,,,,,,,,,,,,,,0.0,113419.20353271118
Pumped-Storage-Hydro-store,,,,0.0,,0.43,,,0.0,,,,,,,,,,,,,,0.07,,,,1.0,,,,,,,,,0.0,,,,,,57074.0625,60.0,,,,,,,,,,,,,,,,,0.0,4310.759736764704
SMR,,,,0.0,,5.0,,,0.0,,,,,,,,,,,,,,0.07,,,,0.76,,,,,,,,,0.0,,,,,,522201.0492,30.0,,,,,,,,,,,,,,,,,0.0,68192.35692475682
SMR CC,,,,0.0,,5.0,,,0.0,,,,,,0.9,,,,,,,,0.07,,,,0.69,,,,,,,,,0.0,,,,,,605753.2171,30.0,,,,,,,,,,,,,,,,,0.0,79103.13403637432
SOEC,,,,0.0,,4.0,,,0.0,,,,,,,,,,,,,,0.07,,,,1.0,,,,,,,1.205,,0.0,,,,,,2301391.5,30.0,,,,,,,,,,,,,,,,,0.0,277516.52405604144
Sand-charger,,,,0.0,,1.075,,,0.0,,,,,,,,,,,,,,0.07,,,,0.99,,,,,,,,,0.0,,,,,,148408.4164,35.0,,,,,,,,,,,,,,,,,0.0,13057.560120110067
Sand-discharger,,,,0.0,,0.2688,,,0.0,,,,,,,,,,,,,,0.07,,,,0.53,,,,,,,,,0.0,,,,,,593633.6658,35.0,,,,,,,,,,,,,,,,,0.0,47444.36588435747
Sand-store,,,,0.0,,0.3308,,,0.0,,,,,,,,,,,,,,0.07,,,,1.0,,,,,,,,,0.0,,,,,,7357.7979,35.0,,,,,,,,,,,,,,,,,0.0,592.6114615673207
Steam methane reforming,,,,0.0,,3.0,,,0.0,,,,,,,,,,,,,,0.07,,,,1.0,,,,,,,,,0.0,,,,,,497454.611,30.0,,1.483,,,,,,,,,,,,,,,0.0,55011.71634050884
"Tank&bulk, diesel",,,,0.0,,0.0,,,0.0,,,,,,,,,,,,,,0.07,,,,0.462,,,,,,,,,0.0,,,,,,35129312.4041,25.0,,,,,,,,,,,,,,,,,0.0,3014464.4670021646
"Tank&bulk, methanol",,,,0.0,,0.0,,,0.0,,,,,,,,,,,,,,0.07,,,,0.4695,,,,,,,,,0.0,,,,,,38642243.6445,25.0,,,,,,,,,,,,,,,,,0.0,3315910.913701523
"Tankbulk, ammonia",,,,0.0,,0.0,,,0.0,,,,,,,,,,,,,,0.07,,,,0.471,,,,,,,,,0.0,,,,,,42155174.885,25.0,,,,,,,,,,,,,,,,,0.0,3617357.3604094624
Vanadium-Redox-Flow-bicharger,,,,0.0,,2.4212,,,0.0,,,,,,,,,,,,,,0.07,,,,0.8062,,,,,,,,,0.0,,,,,,139486.6307,12.0,,,,,,,,,,,,,,,,,0.0,20938.894498426824
Vanadium-Redox-Flow-store,,,,0.0,,0.234,,,0.0,,,,,,,,,,,,,,0.07,,,,1.0,,,,,,,,,0.0,,,,,,287843.5219,12.0,,,,,,,,,,,,,,,,,0.0,36913.625669920926
Zn-Air-bicharger,,,,0.0,,2.4395,,,0.0,,,,,,,,,,,,,,0.07,,,,0.7937,,,,,,,,,0.0,,,,,,129023.0526,25.0,,,,,,,,,,,,,,,,,0.0,14219.052245172143
Zn-Air-store,,,,0.0,,0.1773,,,0.0,,,,,,,,,,,,,,0.07,,,,1.0,,,,,,,,,0.0,,,,,,184643.5101,25.0,,,,,,,,,,,,,,,,,0.0,16171.728046527493
Zn-Br-Flow-bicharger,,,,0.0,,2.2974,,,0.0,,,,,,,,,,,,,,0.07,,,,0.8307,,,,,,,,,0.0,,,,,,107925.4668,10.0,,,,,,,,,,,,,,,,,0.0,17845.638117932303
Zn-Br-Flow-store,,,,0.0,,0.2713,,,0.0,,,,,,,,,,,,,,0.07,,,,1.0,,,,,,,,,0.0,,,,,,444465.2527,10.0,,,,,,,,,,,,,,,,,0.0,64487.68695908817
Zn-Br-Nonflow-bicharger,,,,0.0,,2.4395,,,0.0,,,,,,,,,,,,,,0.07,,,,0.8888,,,,,,,,,0.0,,,,,,129023.0526,15.0,,,,,,,,,,,,,,,,,0.0,17313.555006172217
Zn-Br-Nonflow-store,,,,0.0,,0.2362,,,0.0,,,,,,,,,,,,,,0.07,,,,1.0,,,,,,,,,0.0,,,,,,258047.096,15.0,,,,,,,,,,,,,,,,,0.0,28941.69130125659
air separation unit,,,,0.0,,3.0,,,0.0,,,,,,,,,,,,,,0.07,,,,1.0,,,,,,,0.25,,0.0,,,,,,912034.4091,30.0,,,,,,,,,,,,,,,,,0.0,100858.60518075046
allam,,,,0.0,,0.0,,,2.0,,,,,,,,,,,,,,0.07,,,,0.6,,,,,,,,,0.0,,,,,,1500000.0,30.0,,,,,,,,,,,,,,,,,2.0,120879.60526666677
ammonia carbon capture retrofit,,,,0.0,,5.0,,,0.0,,,,,,0.99,,,,,,,,0.07,,,,1.0,,,,,,,0.1,,0.0,,,,,,929753.03,20.0,,,,,,,,,,,,,,,,,0.0,134249.76022035698
battery inverter,,,,0.0,,0.2512,,,0.0,,,,,,,,,,,,,,0.07,,,,0.955,,,,,,,,,0.0,,,,,,228631.0,10.0,,,,,,,,,,,,,,,,,0.0,33126.231898060105
battery storage,,,,0.0,,0.0,,,0.0,,,,,,,,,,,,,,0.07,,,,1.0,,,,,,,,,0.0,,,,,,198855.8,22.5,,,,,,,,,,,,,,,,,0.0,17805.062351729594
biochar pyrolysis,,,,0.0,,3.4615,,,823.497,,,,,,,,,,,,,,0.07,,,,1.0,0.404,,,0.4848,,,,,0.0,,,,,,167272820.0,25.0,,,,,,,,,,,,,,,,0.0582,823.497,20143915.865459297
biodiesel crops,,,,0.0,,0.0,,,0.0,,,,,,,,,,,,,,0.07,,,,1.0,,,,,,,,,116.9293,,,,,,0.0,25.0,,,,,,,,,,,,,,,,,116.9293,0.0
bioethanol crops,,,,0.1289,,0.0,,,0.0,,,,,,,,,,,,,,0.07,,,,1.0,,,,,,,,,72.2943,,,,,,0.0,25.0,,,,,,,,,,,,,,,,,72.2943,0.0
biogas,,,,0.0,0.1447,7.7769,,,0.0,,,,,0.9,,,,,,,,,0.07,,,,1.0,,,,,,,,,62.4351,,,,,,1097915.5,20.0,,,,,,,,,,,,,,,,,62.4351,189019.24678336942
biogas CC,,,,0.0,0.1447,7.7769,,,0.0,,,,,0.9,,,,,,,,,0.07,,,,1.0,,,,,,,,,0.0,,,,,,1097915.5,20.0,,,,,,,,,,,,,,,,,0.0,189019.24678336942
biogas manure,,,,0.0,,0.0,,,0.0,,,,,,,,,,,,,,0.07,,,,1.0,,,,,,,,,19.8126,,,,,,0.0,25.0,,,,,,,,,,,,,,,,,19.8126,0.0
biogas plus hydrogen,,,,0.0,,4.0,,,4.2111,,,,,,,,,,,,,,0.07,,,,1.0,,,,,,,,,0.0,,,,,,884323.4,25.0,,,,,,,,,,,,,,,,,4.2111,111257.18434433757
biogas upgrading,,,,0.0,,17.0397,,,4.4251,,,,,,,,,,,,,,0.07,,,,1.0,,,,,,,,,0.0,,,,,,205203.9,20.0,,,,,,,,,,,,,,,,,4.4251,54335.92544322646
biomass,,,,0.0,,4.5269,,,0.0,,,,,,,,,,,,,,0.07,,,,0.468,,,,,,,,,7.4076,,,,,,2337611.6,30.0,,,,,,,,,,,,,,,,,15.828205128205129,294201.05117025424
biomass CHP,,,,0.0,,3.5955,,,2.2255,,0.4554,1.0,,,,,,,,,,,0.07,,,,0.2998,,,,0.7088,,,,,0.0,,,,,,3487660.5,25.0,,,,,,,,,,,,,,,,,2.2255,424676.7846725852
biomass CHP capture,,,,0.0,,3.0,,,0.0,,,,,,0.9,,,,,,0.1,0.16,0.07,,,,1.0,,,,,,,0.03,,0.0,,,0.833,0.833,,3000000.0,25.0,,,,,,,,,,,,,,,,,0.0,347431.5516619968
biomass EOP,,,,0.0,,3.5955,,,2.2255,,0.4554,1.0,,,,,,,,,,,0.07,,,,0.2998,,,,0.7088,,,,,0.0,,,,,,3487660.5,25.0,,,,,,,,,,,,,,,,,2.2255,424676.7846725852
biomass HOP,,,,0.0,,5.7785,,,2.5909,,,,,,,,,,,,,,0.07,,,,1.0323,,,,,,,,,0.0,,,,,,903747.7,25.0,,,,,,,,,,,,,,,,,2.5909,129774.11841848692
biomass boiler,,,,0.0,,7.434,,,0.0,,,,,,,,,,,,,,0.07,,,,0.84,,,,,,,,,0.0,,,,,,704761.0,20.0,,,,,,,,,,9.0,,,,,,,0.0,118916.3854797426
biomass-to-methanol,,0.4028,0.5972,0.0,0.219,1.1905,,,18.0816,,,,,0.9,,,,,,,,,0.07,,,,0.595,,,0.02,0.22,,,,,0.0,,,,,,4348860.800000001,20.0,,,,,,,,,,,,,,,,,18.0816,462274.8823861555
blast furnace-basic oxygen furnace,,,,0.0,,14.18,,,0.0,,,,,,,,,,5.34,,,,0.07,,,20.0,1.0,,,,,,,,,0.0,,,,,,7637406.0,40.0,,,,,,,,1.539,,,0.051,,,,,,0.0,1655859.4180881446
cement capture,,,,0.0,,3.0,,,0.0,,,,,,0.9,,,,,,0.1,0.16,0.07,,,,1.0,,,,,,,0.025,,0.0,,,0.833,1.65,,2800000.0,25.0,,,,,,,,,,,,,,,,,0.0,324269.4482178637
cement carbon capture retrofit,,,,0.0,,7.0,,,0.0,,,,,,0.9,,,,,,,,0.07,,,,1.0,,,,,,,0.16,,0.0,0.76,,,,,2587727.173,20.0,,,,,,,,,,,,,,,,,0.0,425404.04099479393
cement dry clinker,,,,0.0,,4.0,,,5.2911,,,,,,,,,,,,,,0.07,,,,1.0,,,,,,,0.0694,,0.0,0.0002,,0.9444,,,1158752.6816,30.0,,,,,,,,,,,,,,,,,5.2911,139729.81843299975
cement finishing,,,,0.0,,30.0,,,3.1747,,,,,,,,,0.656,,,,,0.07,,,,1.0,,,,,,,0.1736,,0.0,,,,,,92700.2145,25.0,,,,,,,,,,,,0.194,,,,,3.1747,35764.71770271165
central air-sourced heat pump,,,,0.0,,0.2102,,,2.3175,,,,,,,,,,,,,,0.07,,,,3.15,,,,,,,,,0.0,,,,,,1006776.5,25.0,,,,,,,,,,,,,,,,,2.3175,88508.25639361145
central coal CHP,,,,0.0,,1.6316,,,3.0369,,0.925,0.15,,,,,,,,,,,0.07,,,,0.5025,,,,,,,,,0.0,,,,,,1989708.0,25.0,,,,,,,,,,,,,,,,,3.0369,203201.9483260961
central excess-heat-sourced heat pump,,,,0.0,,0.3003,,,1.7884,,,,,,,,,,,,,,0.07,,,,5.2,,,,,,,,,0.0,,,,,,704743.5,25.0,,,,,,,,,,,,,,,,,1.7884,62590.74897340215
central gas CHP,,,,0.0,,3.313,,,4.5504,,0.98,0.17,,,,,,,,,,,0.07,,,,0.405,,,,,,,,,0.0,,,,,,608477.4,25.0,,,,,,,,,1.0,,,,,,,,4.5504,72372.61667308582
central gas CHP CC,,,,0.0,,3.313,,,4.5504,,0.98,,,,,,,,,,,,0.07,,,,0.405,,,,,,,,,0.0,,,,,,608477.4,25.0,,,,,,,,,,,,,,,,,4.5504,72372.61667308582
central gas boiler,,,,0.0,,3.5,,,1.1111,,,,,,,,,,,,,,0.07,,,,1.035,,,,,,,,,0.0,,,,,,58202.2,25.0,,,,,,,,,,,,,,,,,1.1111,7031.437885380623
central geothermal heat source,,,,0.0,,0.8422,,,4.7812,,,,,,,,,,,,,,0.07,,,,1.0,,,,,,,,,0.0,,,,,,2915219.0,25.0,,,,,,,,,,,,,,,,,4.7812,274708.4246195115
central ground-sourced heat pump,,,,0.0,,0.3733,,,1.183,,,,,,,,,,,,,,0.07,,,,1.72,,,,,,,,,0.0,,,,,,566995.1,25.0,,,,,,,,,,,,,,,,,1.183,50770.73550088301
central hydrogen CHP,,,,0.0,,5.0,,,0.0,,1.25,,,,,,,,,,,,0.07,,,,0.5,,,,,,,,,0.0,,,,,,1269866.0,10.0,,,,,,,,,,,,,,,,,0.0,244293.64987838763
central resistive heater,,,,0.0,,1.6077,,,1.0053,,,,,,,,,,,,,,0.07,,,,0.99,,,,,,,,,0.0,,,,,,68784.40000000001,20.0,,,,,,,,,,,,,,,,,1.0053,7598.607560294396
central solar thermal,,,,0.0,,1.4,,,0.0,,,,,,,,,,,,,,0.07,,,,1.0,,,,,,,,,0.0,,,,,,148151.0278,20.0,,,,,,,,,,,,,,,,,0.0,16058.523355112407
central solid biomass CHP,,,,0.0,,2.8762,,,4.8603,,0.3498,1.0,,,,,,,,,,,0.07,,,,0.2694,,,,0.825,,,,,0.0,,,,,,3642470.2,25.0,,,,,,,,,1.0,,,,,,,,4.8603,417326.97971526126
central solid biomass CHP CC,,,,0.0,,2.8762,,,4.8603,,0.3498,1.0,,,,,,,,,,,0.07,,,,0.2694,,,,0.825,,,,,0.0,,,,,,5617782.3,25.0,,,,,,,,,,,,,,,,,4.8603,643643.4593087004
central solid biomass CHP powerboost CC,,,,0.0,,2.8762,,,4.8603,,0.3498,1.0,,,,,,,,,,,0.07,,,,0.2694,,,,0.825,,,,,0.0,,,,,,3642470.2,25.0,,,,,,,,,,,,,,,,,4.8603,417326.97971526126
central water pit charger,,,,0.0,,0.0,,,0.0,,,,,,,,,,,,,,0.07,,,,1.0,,,,,,,,,0.0,,,,,,0.0,25.0,,,,,,,,,,,,,,,,,0.0,0.0
central water pit discharger,,,,0.0,,0.0,,,0.0,,,,,,,,,,,,,,0.07,,,,1.0,,,,,,,,,0.0,,,,,,0.0,25.0,,,,,,,,,,,,,,,,,0.0,0.0
central water pit storage,35.0,,,0.0,,0.2354,,90.0,0.0,,,,,,,,,,,,,,0.07,,,,1.0,,,,,,,,150.0,0.0,,,,,,1062.2,30.0,,,,,,,,,,,,,0.0078,,,,0.0,88.09929660950229
central water tank charger,,,,0.0,,0.0,,,0.0,,,,,,,,,,,,,,0.07,,,,1.0,,,,,,,,,0.0,,,,,,0.0,25.0,,,,,,,,,,,,,,,,,0.0,0.0
central water tank discharger,,,,0.0,,0.0,,,0.0,,,,,,,,,,,,,,0.07,,,,1.0,,,,,,,,,0.0,,,,,,0.0,25.0,,,,,,,,,,,,,,,,,0.0,0.0
central water tank storage,,,,0.0,,1.0,,,0.0,,,,,,,,,,,,,,0.07,,,,1.0,,,,,,,,60.3448,0.0,,,,,,3036.1,40.0,,,,,,,,,,,,,0.0077,55.0,,,0.0,258.09624653416824
clean water tank storage,,,,0.0,,2.0,,,0.0,,,,,,,,,,,,,,0.07,,,,1.0,,,,,,,,,0.0,,,,,,69.1286,30.0,,,,,,,,,,,,,,,,,0.0,6.953397253758201
coal,,,,0.3361,,1.31,,,3.2612,,,,,,,,,,,,,,0.07,,,,0.356,,,,,,,,,9.5542,,,,,,3827162.9,40.0,,,,,,,,,,,,,,,,,30.098840449438203,337208.02744802914
csp-tower,,,,0.0,,1.05,,,0.0,,,,,,,,,,,,,,0.07,,,,1.0,,,,,,,,,0.0,,,,,,134165.0,30.0,,,,,,,,,,,,,,,,,0.0,12220.607327068232
csp-tower TES,,,,0.0,,1.05,,,0.0,,,,,,,,,,,,,,0.07,,,,1.0,,,,,,,,,0.0,,,,,,17975.0,30.0,,,,,,,,,,,,,,,,,0.0,1637.2781031122233
csp-tower power block,,,,0.0,,1.05,,,0.0,,,,,,,,,,,,,,0.07,,,,1.0,,,,,,,,,0.0,,,,,,939870.0,30.0,,,,,,,,,,,,,,,,,0.0,85609.37806798806
decentral CHP,,,,0.0,,3.0,,,0.0,,,,,,,,,,,,,,0.04,,,,1.0,,,,,,,,,0.0,,,,,,1481510.2999999998,25.0,,,,,,,,,,,,,,,,,0.0,139279.69119134915
decentral air-sourced heat pump,,,,0.0,,2.9785,,,0.0,,,,,,,,,,,,,,0.04,,,,3.5,,,,,,,,,0.0,,,,,,947108.3999999999,18.0,,,,,,,,,,,,,,,,,0.0,103024.86832342524
decentral gas boiler,,,,0.0,,6.6243,,,0.0,,,,,,,,,,,,,,0.04,,,,0.975,,,,,,,,,0.0,,,,,,322176.5,20.0,,,,,,,,,,,,,,,,,0.0,45048.24867425149
decentral gas boiler connection,,,,0.0,,0.0,,,0.0,,,,,,,,,,,,,,0.07,,,,1.0,,,,,,,,,0.0,,,,,,201360.3,50.0,,,,,,,,,,,,,,,,,0.0,14590.537041250262
decentral ground-sourced heat pump,,,,0.0,,1.8384,,,0.0,,,,,,,,,,,,,,0.04,,,,3.85,,,,,,,,,0.0,,,,,,1534421.4,20.0,,,,,,,,,,,,,,,,,0.0,141114.21537130512
decentral oil boiler,,,,0.0,,2.0,,,0.0,,,,,,,,,,,,,,0.07,,,,0.9,,,,,,,,,0.0,,,,,,165097.5,20.0,,,,,,,,,,,,,,,,,0.0,18885.986057897153
decentral resistive heater,,,,0.0,,2.0,,,0.0,,,,,,,,,,,,,,0.04,,,,0.9,,,,,,,,,0.0,,,,,,105822.2,20.0,,,,,,,,,,,,,,,,,0.0,9903.026699626227
decentral solar thermal,,,,0.0,,1.3,,,0.0,,,,,,,,,,,,,,0.04,,,,1.0,,,,,,,,,0.0,,,,,,285719.8393,20.0,,,,,,,,,,,,,,,,,0.0,24738.123790208556
decentral water tank charger,,,,0.0,,0.0,,,0.0,,,,,,,,,,,,,,0.07,,,,1.0,,,,,,,,,0.0,,,,,,0.0,25.0,,,,,,,,,,,,,,,,,0.0,0.0
decentral water tank discharger,,,,0.0,,0.0,,,0.0,,,,,,,,,,,,,,0.07,,,,1.0,,,,,,,,,0.0,,,,,,0.0,25.0,,,,,,,,,,,,,,,,,0.0,0.0
decentral water tank storage,,,,0.0,,1.0,,,0.8704,,,,,,,,,,,,,,0.04,,,,1.0,,,,,,,,0.15,0.0,,,,,,419862.19999999995,30.0,,,,,,,,,,,,,2.1,30.0,,,0.8704,28479.294648477127
digestible biomass,,,,0.0,,0.0,,,0.0,,,,,,,,,,,,,,0.07,,,,1.0,,,,,,,,,17.0611,,,,,,0.0,25.0,,,,,,,,,,,,,,,,,17.0611,0.0
digestible biomass to hydrogen,,,,0.0,,4.25,,,0.0,,,,,0.9,,,,,,,,,0.07,,,,0.39,,,,,,,,,0.0,,,,,,3972299.4,25.0,,,,,,,,,,,,,,,,,0.0,509687.79056933965
direct air capture,,,,0.0,,4.95,,,0.0,,,,,,,,,,,,0.15,0.2,0.07,,,,1.0,,,,,,,0.4,,0.0,,,1.6,1.25,,7000000.0,20.0,,,,,,,,,,,,,,,,,0.0,1007250.4802027898
direct firing gas,,,,0.0,,1.197,,,0.282,,,,,,,,,,,,,,0.07,,,,1.0,,,,,,,,,0.0,,,,,,15105.0,15.0,,,,,,,,,,,,,,,,,0.282,1839.254656108703
direct firing gas CC,,,,0.0,,1.197,,,0.282,,,,,,,,,,,,,,0.07,,,,1.0,,,,,,,,,0.0,,,,,,15105.0,15.0,,,,,,,,,,,,,,,,,0.282,1839.254656108703
direct firing solid fuels,,,,0.0,,1.5227,,,0.3301,,,,,,,,,,,,,,0.07,,,,1.0,,,,,,,,,0.0,,,,,,221540.0,15.0,,,,,,,,,,,,,,,,,0.3301,27697.290736260973
direct firing solid fuels CC,,,,0.0,,1.5227,,,0.3301,,,,,,,,,,,,,,0.07,,,,1.0,,,,,,,,,0.0,,,,,,221540.0,15.0,,,,,,,,,,,,,,,,,0.3301,27697.290736260973
dry bulk carrier Capesize,,,,0.0,,4.0,,,0.0,,,,180000.0,,,,,,,,,,0.07,,,,1.0,,,,,,,,,0.0,,,,,,40000000.0,25.0,,,,,,,,,,,,,,,,,0.0,5032420.688826624
electric arc furnace,,,,0.0,,30.0,,,0.0,,,,,,,,,,,,,,0.07,,,20.0,1.0,,,,,,,0.6395,,0.0,,1.0,,,,1839600.0,40.0,,,,,,,,,,,,,,,,,0.0,689866.8118718936
electric arc furnace with hbi and scrap,,,,0.0,,30.0,,,0.0,,,,,,,,,,,,,,0.07,,,20.0,1.0,,,,,,,0.6395,,0.0,,0.37,,,,1839600.0,40.0,,,,,,,,,,,0.71,,,,,,0.0,689866.8118718936
electric boiler steam,,,,0.0,,1.3933,,,0.8761,,,,,,,,,,,,,,0.07,,,,0.99,,,,,,,,,0.0,,,,,,75525.0,25.0,,,,,,,,,,,,,,,,,0.8761,7533.12913809077
electric steam cracker,,,,0.0,,3.0,,,190.4799,,,,,,,,0.55,,,,,,0.07,,,,1.0,,,,,,,2.7,,0.0,,,,,,11124025.7434,30.0,,,,,14.8,,,,,,,,,,,,190.4799,1230165.9995276209
electricity distribution grid,,,,0.0,,2.0,,,0.0,,,,,,,,,,,,,,0.07,,,,1.0,,,,,,,,,0.0,,,,,,529110.8,40.0,,,,,,,,,,,,,,,,,0.0,50270.361476727056
electricity grid connection,,,,0.0,,2.0,,,0.0,,,,,,,,,,,,,,0.07,,,,1.0,,,,,,,,,0.0,,,,,,148151.0,40.0,,,,,,,,,,,,,,,,,0.0,14075.698933264242
electrobiofuels,,0.9257,,0.0,,2.5263,,,4.6849,,,,,0.9,,,,,,,,,0.07,,,,1.0,,1.32,,,1.1951,0.6272,,,0.0,,,,,,512440263.09999996,25.0,,,,,,,,,,,,,,,,,4.6849,56918542.38800026
electrolysis,,,,0.0,,4.0,,,0.0,,,,,,,,,,,,,,0.07,,,,0.5874,,,,0.264,,,,,0.0,,,,,,1800000.0,25.0,,,,,,,,,,,,,,,,,0.0,226458.9309971981
electrolysis small,,,,0.0,,4.0,,,0.0,,,,,,,,,,,,,,0.07,,,,0.5874,,,,0.264,,,,,0.0,,,,,,1400000.0,25.0,,,,,,,,,,,,,,,,,0.0,176134.72410893184
ethanol carbon capture retrofit,,,,0.0,,7.0,,,0.0,,,,,,0.94,,,,,,,,0.07,,,,1.0,,,,,,,0.12,,0.0,,,,,,928559.735,20.0,,,,,,,,,,,,,,,,,0.0,152648.65156403216
ethanol from starch crop,,,,0.0,,15.2,,,26.3497,,,,,,,,,,,,,,0.07,,,,0.58,,,,,,,,,0.0,,,,,,650509.9986,20.0,,,,,,,,,,,,,,,,,26.3497,160281.06178029516
ethanol from sugar crops,,,,0.0,,18.09,,,23.1751,,,,,,,,,,,,,,0.07,,,,0.45,,,,,,,,,0.0,,,,,,481416.7648,20.0,,,,,,,,,,,,,,,,,23.1751,132530.6296836448
fuel cell,,,,0.0,,5.0,,,0.0,,1.25,,,,,,,,,,,,0.07,,,,0.5,,,,,,,,,0.0,,,,,,1269866.0,10.0,,,,,,,,,,,,,,,,,0.0,244293.64987838763
fuelwood,,,,0.0,,0.0,,,0.0,,,,,,,,,,,,,,0.07,,,,1.0,,,,,,,,,15.261,,,,,,0.0,25.0,,,,,,,,,,,,,,,,,15.261,0.0
gas,,,,0.198,,0.0,,,0.0,,,,,,,,,,,,,,0.07,,,,1.0,,,,,,,,,24.568,,,,,,0.0,25.0,,,,,,,,,,,,,,,,,24.568,0.0
gas boiler steam,,,,0.0,,3.9,,,1.0574,,,,,,,,,,,,,,0.07,,,,0.925,,,,,,,,,0.0,,,,,,50350.0,25.0,,,,,,,,,,,,,,,,,1.0574,6284.209542060514
gas storage,,,,0.0,,0.5368,,,0.0,,,,,,,,,,,,,,0.07,,,,1.0,,,,,,,,,0.0,,,,,,236.6,100.0,,,,,,,,,,,,,,,,,0.0,17.851177705084
gas storage charger,,,,0.0,,0.0,,,0.0,,,,,,,,,,,,,,0.07,,,,1.0,,,,,,,,,0.0,,,,,,15247.9,25.0,,,,,,,,,,,,,,,,,0.0,1308.430185528987
gas storage discharger,,,,0.0,,0.0,,,0.0,,,,,,,,,,,,,,0.07,,,,1.0,,,,,,,,,0.0,,,,,,5082.6,25.0,,,,,,,,,,,,,,,,,0.0,436.140534825755
geothermal,,,,0.12,,2.0,,,0.0,,,,,,,,,,,,,,0.07,25.0,0.8,,1.0,,,,,,,,,0.0,,,,,,0.0,30.0,,,,,,,,,,,,,,,,,0.0,0.0
grey methanol synthesis,,,,0.0,,0.0,,,0.0,,,,,,,,0.0568,,,,,,0.07,,,,0.569,,,,,,,,,0.0,,,,,,1001188.0,25.0,,,,,,,,,,,,,,,,,0.0,85912.46011512374
helmeth,,,,0.0,,3.0,,,0.0,,,,,,,,,,,,,,0.07,,,,0.8,,,,,,,,,0.0,,,,,,2116443.3,25.0,,,,,,,,,,,,,,,,,0.0,245106.3932412123
home battery inverter,,,,0.0,,0.2512,,,0.0,,,,,,,,,,,,,,0.07,,,,0.955,,,,,,,,,0.0,,,,,,322847.10000000003,10.0,,,,,,,,,,,,,,,,,0.0,46777.15577597177
home battery storage,,,,0.0,,0.0,,,0.0,,,,,,,,,,,,,,0.07,,,,1.0,,,,,,,,,0.0,,,,,,281558.80000000005,22.5,,,,,,,,,,,,,,,,,0.0,25210.08685528993
hydro,,,,0.0,,1.0,,,0.0,,,,,,,,,,,,,,0.07,,,,0.9,,,,,,,,,0.0,,,,,,2274817.7,80.0,,,,,,,,,,,,,,,,,0.0,182698.73459185107
hydrogen direct iron reduction furnace,,,,0.0,,11.3,,,0.0,,,,,,,,,,,,,,0.07,,,20.0,1.0,,,,,,,1.03,,0.0,,,,,2.1,4277858.0,40.0,,,,,,,,1.59,,,,,,,,,0.0,804276.3988035849
hydrogen storage compressor,,,,0.0,,4.0,,,0.0,,,,,,,,,,,,0.05,,0.07,,,,1.0,,,,,,,,,0.0,,,,,,87690.0,15.0,,,,,,,,,,,,,,,,,0.0,13135.49064003126
hydrogen storage tank type 1,,,,0.0,,2.0,,,0.0,,,,,,,,,,,,,,0.07,,,,1.0,,,,,,,,,0.0,,,,,,13500.0,20.0,,,,6.0,,,,,,,,,,,,,0.0,1544.3044975339515
hydrogen storage tank type 1 including compressor,,,,0.0,,1.0794,,,0.0,,,,,,,,,,,,,,0.07,,,,1.0,,,,,,,,,0.0,,,,,,54185.5,27.5,,,,,,,,,,,,,,,,,0.0,5076.686492219506
hydrogen storage underground,,,,0.0,,0.0,,,0.0,,,,,,,,,,,,,,0.07,,,,1.0,,,,,,,,,0.0,,,,,,2658.5,100.0,,,,,,,,,,,,,,,,,0.0,186.30971269723506
industrial heat pump high temperature,,,,0.0,,0.0929,,,3.2526,,,,,,,,,,,,,,0.07,,,,3.0,,,,,,,,,0.0,,,,,,996930.0,20.0,,,,,,,,,,,,,,,,,3.2526,95029.28743122387
industrial heat pump medium temperature,,,,0.0,,0.1115,,,3.2526,,,,,,,,,,,,,,0.07,,,,2.625,,,,,,,,,0.0,,,,,,830775.0,20.0,,,,,,,,,,,,,,,,,3.2526,79345.59700935324
iron ore DRI-ready,,,,0.0,,0.0,,,0.0,,,,,,,,,,,97.73,,,0.07,,,,1.0,,,,,,,,,0.0,,,,,,0.0,25.0,,,,,,,,,,,,,,,,,0.0,0.0
iron-air battery,,,,0.0,,1.0219,,,0.0,,,,,,,,,,,,,,0.07,,,,1.0,,,,,,,,,0.0,,,,,,25134.2,17.5,,,,,,,,,,,,,,,,,0.0,2792.1570397817904
iron-air battery charge,,,,0.0,,0.0,,,0.0,,,,,,,,,,,,,,0.07,,,,0.7,,,,,,,,,0.0,,,,,,0.0,25.0,,,,,,,,,,,,,,,,,0.0,0.0
iron-air battery discharge,,,,0.0,,0.0,,,0.0,,,,,,,,,,,,,,0.07,,,,0.59,,,,,,,,,0.0,,,,,,0.0,25.0,,,,,,,,,,,,,,,,,0.0,0.0
lignite,,,,0.4069,,1.31,,,3.2612,,,,,,,,,,,,,,0.07,,,,0.33,,,,,,,,,3.2985,,,,,,3827162.9,40.0,,,,,,,,,,,,,,,,,13.256654545454547,337208.02744802914
methanation,,,,0.0,,3.0,,,0.0,,,,,,,0.198,,,,,,,0.07,,,,0.8,,,,,,,,,0.0,,,,,1.282,728673.9,20.0,,,,,,,,,,,,,,,,,0.0,90641.87833374851
methane storage tank incl. compressor,,,,0.0,,1.9,,,0.0,,,,,,,,,,,,,,0.07,,,,1.0,,,,,,,,,0.0,,,,,,8961.5075,30.0,,,,,,,,,,,,,,,,,0.0,892.4443019628492
methanol,,,,0.2482,,0.0,,,0.0,,,,,,,,,,,,,,0.07,,,,1.0,,,,,,,,,0.0,,,,,,0.0,25.0,,,,,,,,,,,,,,,,,0.0,0.0
methanol-to-kerosene,,,,0.0,,4.5,,,1.35,,,,,,,,,,,,,,0.07,,,,1.0,,,,,,,,,0.0,,,,,0.0279,288000.0,30.0,,,1.0764,,,,,,,,,,,,,,1.35,36168.88421120001
methanol-to-olefins/aromatics,,,,0.0,,3.0,,,31.7466,,,,,,,,0.6107,,,,,,0.07,,,,1.0,,,,,,,1.3889,,0.0,,,,,,2781006.4359,30.0,,,18.03,,,,,,,,,,,,,,31.7466,307541.49988743453
methanolisation,,,,0.0,,3.0,,,0.0,,,,,0.9,,0.248,,,,,,,0.07,,,,1.0,,,,,,,0.271,,0.0,,,,0.1,1.138,761417.4621,20.0,,,,,,,,,,,,,,,,,0.0,94714.94582262349
micro CHP,,,,0.0,,6.4286,,,0.0,,,,,,,,,,,,,,0.07,,,,0.351,,,,0.604,,,,,0.0,,,,,,9224398.8,20.0,,,,,,,,,,,,,,,,,0.0,1463717.692211377
natural gas direct iron reduction furnace,,,,0.0,,11.3,,,0.0,,,,,,,,,,,,,,0.07,,,20.0,1.0,,,,,,,,,0.0,2.78,,,,,4277858.0,40.0,,,,,,,,1.59,,,,,,,,,0.0,804276.3988035849
nuclear,,,,0.0,,1.27,,,3.5464,,,,,,,,,,,,,,0.07,,,,0.326,,,,,,,,,3.4122,,,,,,8594135.399999999,40.0,,,,,,,,,,,,,,,,,14.013271165644172,753784.2152972104
offwind,,,,0.0,,2.3741,,,0.0212,,,,,,,,,,,,,,0.07,,,,1.0,,,,,,,,,0.0,,,,,,1769117.0999999999,30.0,,,,,,,,,,,,,,,,,0.0212,184567.39355010682
offwind-ac-connection-submarine,,,,0.0,,0.0,,,0.0,,,,,,,,,,,,,,0.07,,,,1.0,,,,,,,,,0.0,,,,,,2841.3251,25.0,,,,,,,,,,,,,,,,,0.0,243.8155764230594
offwind-ac-connection-underground,,,,0.0,,0.0,,,0.0,,,,,,,,,,,,,,0.07,,,,1.0,,,,,,,,,0.0,,,,,,1420.1334,25.0,,,,,,,,,,,,,,,,,0.0,121.86238157634239
offwind-ac-station,,,,0.0,,0.0,,,0.0,,,,,,,,,,,,,,0.07,,,,1.0,,,,,,,,,0.0,,,,,,264555.4,25.0,,,,,,,,,,,,,,,,,0.0,22701.63570752008
offwind-dc-connection-submarine,,,,0.0,,0.0,,,0.0,,,,,,,,,,,,,,0.07,,,,1.0,,,,,,,,,0.0,,,,,,2116.4433,25.0,,,,,,,,,,,,,,,,,0.0,181.6130942412123
offwind-dc-connection-underground,,,,0.0,,0.0,,,0.0,,,,,,,,,,,,,,0.07,,,,1.0,,,,,,,,,0.0,,,,,,1058.2216,25.0,,,,,,,,,,,,,,,,,0.0,90.80654283008032
offwind-dc-station,,,,0.0,,0.0,,,0.0,,,,,,,,,,,,,,0.07,,,,1.0,,,,,,,,,0.0,,,,,,423288.7,25.0,,,,,,,,,,,,,,,,,0.0,36322.622280663156
offwind-float,,,,0.0,,1.15,,,0.0,,,,,,,,,,,,,,0.07,,,,1.0,,,,,,,,,0.0,,,,,,2350000.0,20.0,,,,,,,,,,,,,,,,,0.0,248848.3754966508
offwind-float-connection-submarine,,,,0.0,,0.0,,,0.0,,,,,,,,,,,,,,0.07,,,,1.0,,,,,,,,,0.0,,,,,,2118.5597,25.0,,,,,,,,,,,,,,,,,0.0,181.79470361985813
offwind-float-connection-underground,,,,0.0,,0.0,,,0.0,,,,,,,,,,,,,,0.07,,,,1.0,,,,,,,,,0.0,,,,,,1039.4778,25.0,,,,,,,,,,,,,,,,,0.0,89.19812765739958
offwind-float-station,,,,0.0,,0.0,,,0.0,,,,,,,,,,,,,,0.07,,,,1.0,,,,,,,,,0.0,,,,,,415791.1,25.0,,,,,,,,,,,,,,,,,0.0,35679.24934674949
oil,,,,0.2571,,2.5143,,,6.3493,,,,,,,,,,,,,,0.07,,,,0.35,,,,,,,,,52.9111,,,,,,362970.0,25.0,,,,,,,,,,,,,,,,,157.52387142857143,40272.798145584995
onwind,,,,0.0,,1.2347,,,1.508,,,,,,,,,,,,,,0.07,,,,1.0,,,,,,,,,0.0,,,,,,1139882.5999999999,28.5,,,,,,,,,,,,,,,,,1.508,107441.45702058321
organic rankine cycle,,,,0.0,,2.0,,,0.0,,,,,,,,,,,,,,0.07,,,,1.0,,,,,,,0.12,,0.0,,,,,,1376000.0,30.0,,,,,,,,,,,,,,,,,0.0,138406.891231289
ror,,,,0.0,,2.0,,,0.0,,,,,,,,,,,,,,0.07,,,,0.9,,,,,,,,,0.0,,,,,,3412226.6,80.0,,,,,,,,,,,,,,,,,0.0,308170.3719034552
seawater RO desalination,,,,0.0,,0.0,,,0.0,,,,,,,,,,,,,,0.07,,,,1.0,,,,,,,0.003,,0.0,,,,,,0.0,25.0,,,,,,,,,,,,,,,,,0.0,0.0
seawater desalination,,,,0.0,,4.0,,,0.0,,,,,,,,,,,,,,0.07,,,,1.0,,,,,,,3.0348,,0.0,,,,,,39056.5182,30.0,,,,,,,,,,,,,,,,,0.0,4709.685063404258
shipping fuel methanol,,,,0.2482,,0.0,,,0.0,,,,,,,,,,,,,,0.07,,,,1.0,,,,,,,,,72.0,,,,,,0.0,25.0,,,,,,,,,,,,,,,,,72.0,0.0
solar,,,,0.0,,1.7275,,,0.0106,,,,,,,,,,,,,,0.07,,,,1.0,,,,,,,,,0.0,,,,,,676570.2999999999,37.5,,,,,,,,,,,,,,,,,0.0106,63114.92398493304
solar-rooftop,,,,0.0,,1.2567,,,0.0,,,,,,,,,,,,,,0.04,,,,1.0,,,,,,,,,0.0,,,,,,880025.1,37.5,,,,,,,,,,,,,,,,,0.0,56759.84685271247
solar-rooftop commercial,,,,0.0,,1.3559,,,0.0,,,,,,,,,,,,,,0.07,,,,1.0,,,,,,,,,0.0,,,,,,719059.4,37.5,,,,,,,,,,,,,,,,,0.0,64406.561739700104
solar-rooftop residential,,,,0.0,,1.1576,,,0.0,,,,,,,,,,,,,,0.07,,,,1.0,,,,,,,,,0.0,,,,,,1040990.8,37.5,,,,,,,,,,,,,,,,,0.0,91177.8566169828
solar-utility,,,,0.0,,2.1982,,,0.0,,,,,,,,,,,,,,0.07,,,,1.0,,,,,,,,,0.0,,,,,,473115.6,37.5,,,,,,,,,,,,,,,,,0.0,46362.287599581854
solar-utility single-axis tracking,,,,0.0,,2.0365,,,0.0,,,,,,,,,,,,,,0.07,,,,1.0,,,,,,,,,0.0,,,,,,552411.2999999999,37.5,,,,,,,,,,,,,,,,,0.0,53239.50741248619
solid biomass,,,,0.3667,,0.0,,,0.0,,,,,,,,,,,,,,0.07,,,,1.0,,,,,,,,,13.6489,,,,,,0.0,25.0,,,,,,,,,,,,,,,,,13.6489,0.0
solid biomass boiler steam,,,,0.0,,5.7564,,,2.8216,,,,,,,,,,,,,,0.07,,,,0.89,,,,,,,,,0.0,,,,,,608777.2999999999,25.0,,,,,,,,,,,,,,,,,2.8216,87283.1514824003
solid biomass boiler steam CC,,,,0.0,,5.7564,,,2.8216,,,,,,,,,,,,,,0.07,,,,0.89,,,,,,,,,0.0,,,,,,608777.2999999999,25.0,,,,,,,,,,,,,,,,,2.8216,87283.1514824003
solid biomass to hydrogen,,,,0.0,,4.25,,,0.0,,,,,0.9,,,,,,,,,0.07,,,,0.56,,,,,,,,,0.0,,,,,,3972299.4,25.0,,,,,,,,,,,,,,,,,0.0,509687.79056933965
steel carbon capture retrofit,,,,0.0,,5.0,,,0.0,,,,,,0.9,,,,,,,,0.07,,,,1.0,,,,,,,0.16,,0.0,0.76,,,,,3561435.753,20.0,,,,,,,,,,,,,,,,,0.0,514246.1282223049
uranium,,,,0.0,,0.0,,,0.0,,,,,,,,,,,,,,0.07,,,,1.0,,,,,,,,,3.4122,,,,,,0.0,25.0,,,,,,,,,,,,,,,,,3.4122,0.0
waste CHP,,,,0.0,,2.3789,,,28.4644,,0.2872,1.0,,,,,,,,,,,0.07,,,,0.2051,,,,0.7627,,,,,0.0,,,,,,8829850.9,25.0,,,,,,,,,,,,,,,,,28.4644,967747.3957704597
waste CHP CC,,,,0.0,,2.3789,,,28.4644,,0.2872,1.0,,,,,,,,,,,0.07,,,,0.2051,,,,0.7627,,,,,0.0,,,,,,8829850.9,25.0,,,,,,,,,,,,,,,,,28.4644,967747.3957704597
water tank charger,,,,0.0,,0.0,,,0.0,,,,,,,,,,,,,,0.07,,,,0.9,,,,,,,,,0.0,,,,,,0.0,25.0,,,,,,,,,,,,,,,,,0.0,0.0
water tank discharger,,,,0.0,,0.0,,,0.0,,,,,,,,,,,,,,0.07,,,,0.9,,,,,,,,,0.0,,,,,,0.0,25.0,,,,,,,,,,,,,,,,,0.0,0.0
